Progeny/Strain, allele, count, prop, a_prop, b_prop, h_prop
MAY1.sort.GT,1,16602,1.0,1.0,0.0,0.0
MAY1.sort.GT,2,0,0.0,1.0,0.0,0.0
MAY1.sort.GT,n,0,0.0,1.0,0.0,0.0
MAY1454.sort.GT,1,0,0.0,0.0,1.0,0.0
MAY1454.sort.GT,2,16602,1.0,0.0,1.0,0.0
MAY1454.sort.GT,n,0,0.0,0.0,1.0,0.0
MAY118.sort.GT,1,78,0.00472,0.00472,0.00145,0.99383
MAY118.sort.GT,2,24,0.00145,0.00472,0.00145,0.99383
MAY118.sort.GT,n,16435,0.99383,0.00472,0.00145,0.99383
